Id,indegree,outdegree,clustering
5596746,2,0,0.5
5644764,2,0,0.5
5689555,1,1,0.5
5696816,1,1,0.5
5740128,1,1,0.5
5768510,1,1,0.5
5721911,1,2,0.333333
5596723,3,0,0.166667
5608690,3,0,0.166667
5737735,1,2,0.166667
