Id,indegree,outdegree,closnesscentrality
5870759,0,5,0.857143
5809500,0,4,0.833333
5819258,0,3,0.8
5784564,0,5,0.777778
5796952,0,7,0.769231
5754801,0,2,0.75
5771354,0,2,0.75
5801082,0,2,0.75
5822749,0,2,0.75
5787425,0,3,0.714286
