Id,indegree,outdegree,closnesscentrality
5421819,0,31,0.918919
5435805,0,31,0.918919
5456662,0,31,0.918919
5470308,0,31,0.918919
5409000,0,6,0.875
5418180,0,5,0.857143
5454370,0,5,0.857143
5432907,0,4,0.833333
5434913,0,4,0.833333
5361350,1,3,0.8
