Id,indegree,outdegree,closnesscentrality
5793857,0,10,0.916667
5657468,0,5,0.857143
5696701,0,5,0.857143
5706502,1,5,0.857143
5706507,0,5,0.857143
5712979,0,9,0.846154
5717860,0,9,0.846154
5717876,0,9,0.846154
5684951,0,4,0.833333
5699528,0,4,0.833333
