Id,indegree,outdegree,betweenesscentrality
5572643,12,3,39
5544327,2,3,6
5706502,1,5,5.333333
5659729,1,1,4
5715453,1,2,3.333333
5590197,3,1,3
5619557,1,4,3
5649186,2,1,3
5708780,1,3,3
5594789,1,2,2
