Id,indegree,outdegree,closnesscentrality
5636292,0,17,0.904762
5659742,0,4,0.833333
5691974,0,4,0.833333
5526404,0,3,0.8
5591197,0,3,0.8
5625818,0,3,0.8
5664117,0,3,0.8
5673399,0,3,0.8
5696898,0,3,0.8
5538913,0,2,0.75
