Id,indegree,outdegree,closnesscentrality
5540909,0,11,0.923077
5548636,0,10,0.916667
5585069,0,8,0.9
5545193,0,7,0.888889
5550912,0,7,0.888889
5568619,0,5,0.857143
5455953,0,4,0.833333
5459860,1,4,0.833333
5507743,0,4,0.833333
5540712,0,4,0.833333
