Id,indegree,outdegree,clustering
5408190,1,1,0.5
5413378,1,1,0.5
5514130,0,2,0.5
5301109,3,0,0.333333
5399561,2,1,0.333333
5418948,2,1,0.333333
5426064,2,1,0.333333
5508732,0,3,0.333333
5569242,0,3,0.333333
5458596,2,2,0.25
